♟,テニス.png
♾,ひらめき.png
🥍,ポイント.png
🥎,スポーツ.png
🥏,バッド（下向き矢印）.png
🥬,ファーストフード.png
🥭,グッド（上向き矢印）.png
🥮,プレゼント.png
🥯,ファーストフード.png
🥰,ちっ（怒った顔）.png
🥳,プレゼント.png
🥴,喫茶店.png
🥵,雪.png
🥶,るんるん.png
🥺,ちっ（怒った顔）.png
🥼,病院.png
🥽,眼鏡.png
🥾,スキー.png
🥿,.png
🦘,モータースポーツ.png
🦙,カチンコ.png
🦚,ハートたち（複数ハート）.png
🦛,ハートたち（複数ハート）.png
🦜,猫.png
🦝,猫.png
🦞,猫.png
🦟,パスワード.png
🦠,三日月.png
🦡,犬.png
🦢,どんっ（衝撃）.png
🦰,かわいい.png
🦱,バッド（下向き矢印）.png
🦲,牡牛座.png
🦳,黒ハート.png
🦴,足.png
🦵,パンチ.png
🦶,パンチ.png
🦷,足.png
🦸,バッド（下向き矢印）.png
🦸‍♀,映画.png
🦸‍♂,映画.png
🦹,バッド（下向き矢印）.png
🦹‍♀,バッド（下向き矢印）.png
🦹‍♂,バッド（下向き矢印）.png
🧁,ビール.png
🧂,ビール.png
🧧,プレゼント.png
🧨,爆弾.png
🧩,ペン.png
🧪,サーチ（調べる）.png
🧫,犬.png
🧬,ID.png
🧭,テニス.png
🧮,牡牛座.png
🧯,爆弾.png
🧰,phone to.png
🧱,ぴかぴか（新しい）.png
🧲,サーチ（調べる）.png
🧳,カバン.png
🧴,ビール.png
🧵,リボン.png
🧶,キスマーク.png
🧷,リボン.png
🧸,カバン.png
🧹,くつ.png
🧺,くつ.png
🧻,牡牛座.png
🧼,バー.png
🧽,リボン.png
🧾,コンビニ.png
🧿,カバン.png
🛹,ゴルフ.png
😀,バースデー.png
😁,バースデー.png
😂,バースデー.png
🤣,バースデー.png
😃,バースデー.png
😄,バースデー.png
😅,バースデー.png
😆,るんるん.png
😉,ハートたち（複数ハート）.png
😊,バースデー.png
😋,かわいい.png
😎,シャープダイヤル.png
😍,バースデー.png
😘,失恋.png
😗,失恋.png
😙,失恋.png
😚,失恋.png
☺,グッド（上向き矢印）.png
🙂,バースデー.png
🤗,バースデー.png
🤩,バースデー.png
🤔,どんっ（衝撃）.png
🤨,耳.png
😐,シャープダイヤル.png
😑,シャープダイヤル.png
😶,ちっ（怒った顔）.png
🙄,三日月.png
😏,かわいい.png
😣,ふらふら.png
😥,雪.png
😮,どんっ（衝撃）.png
🤐,ハートたち（複数ハート）.png
😯,かわいい.png
😪,ふらふら.png
😫,ふらふら.png
😴,牡牛座.png
😌,くつ.png
😛,ちっ（怒った顔）.png
😜,かわいい.png
😝,ちっ（怒った顔）.png
🤤,耳.png
😒,いい気分（温泉）.png
😓,どんっ（衝撃）.png
😔,山羊座.png
😕,失恋.png
🙃,耳.png
🤑,カバン.png
😲,かわいい.png
☹,耳.png
🙁,耳.png
😖,失恋.png
😞,失恋.png
😟,失恋.png
😤,牡牛座.png
😢,失恋.png
😭,失恋.png
😦,かわいい.png
😧,失恋.png
😨,かわいい.png
😩,ふらふら.png
🤯,失恋.png
😬,るんるん.png
😰,どんっ（衝撃）.png
😱,失恋.png
😳,失恋.png
🤪,かわいい.png
😵,ふらふら.png
😡,どんっ（衝撃）.png
😠,どんっ（衝撃）.png
🤬,かわいい.png
😷,眼鏡.png
🤒,山羊座.png
🤕,失恋.png
🤢,失恋.png
🤮,どんっ（衝撃）.png
🤧,曇り.png
😇,バースデー.png
🤠,グッド（上向き矢印）.png
🤡,ハートたち（複数ハート）.png
🤥,かわいい.png
🤫,どんっ（衝撃）.png
🤭,牡牛座.png
🧐,眼鏡.png
🤓,かわいい.png
😈,バースデー.png
👿,どんっ（衝撃）.png
👹,るんるん.png
👺,どんっ（衝撃）.png
💀,ハートたち（複数ハート）.png
☠,ハートたち（複数ハート）.png
👻,かわいい.png
👽,飛行機.png
👾,ダッシュ（走り出すさま）.png
🤖,猫.png
💩,どんっ（衝撃）.png
😺,バースデー.png
😸,バースデー.png
😹,バースデー.png
😻,バースデー.png
😼,かわいい.png
😽,失恋.png
🙀,失恋.png
😿,失恋.png
😾,どんっ（衝撃）.png
🙈,満月.png
🙉,満月.png
🙊,満月.png
👶,バー.png
🧒,犬.png
👦,犬.png
👧,猫.png
🧑,かわいい.png
👨,かわいい.png
👩,かわいい.png
🧓,猫.png
👴,猫.png
👵,猫.png
👨‍⚕,病院.png
👩‍⚕,病院.png
👨‍🎓,双子座.png
👩‍🎓,双子座.png
👨‍🏫,かわいい.png
👩‍🏫,かわいい.png
👨‍⚖,猫.png
👩‍⚖,猫.png
👨‍🌾,猫.png
👩‍🌾,猫.png
👨‍🍳,バー.png
👩‍🍳,バー.png
👨‍🔧,ペン.png
👩‍🔧,ペン.png
👨‍🏭,信号.png
👩‍🏭,猫.png
👨‍💼,美容院.png
👩‍💼,美容院.png
👨‍🔬,猫.png
👩‍🔬,猫.png
👨‍💻,カメラ.png
👩‍💻,カメラ.png
👨‍🎤,音楽.png
👩‍🎤,音楽.png
👨‍🎨,音楽.png
👩‍🎨,音楽.png
👨‍✈,飛行機.png
👩‍✈,猫.png
👨‍🚀,飛行機.png
👩‍🚀,猫.png
👨‍🚒,病院.png
👩‍🚒,猫.png
👮,かわいい.png
👮‍♂,かわいい.png
👮‍♀,かわいい.png
🕵,爆弾.png
🕵‍♂,猫.png
🕵‍♀,猫.png
💂,郵便局.png
💂‍♂,郵便局.png
💂‍♀,猫.png
👷,どんっ（衝撃）.png
👷‍♂,どんっ（衝撃）.png
👷‍♀,どんっ（衝撃）.png
🤴,グッド（上向き矢印）.png
👸,ちっ（怒った顔）.png
👳,リボン.png
👳‍♂,リボン.png
👳‍♀,リボン.png
👲,猫.png
🧕,リボン.png
🧔,リボン.png
👱,リボン.png
👱‍♂,リボン.png
👱‍♀,リボン.png
🤵,リボン.png
👰,猫.png
🤰,猫.png
🤱,ビール.png
👼,グッド（上向き矢印）.png
🎅,クリスマス.png
🤶,クリスマス.png
🧙,猫.png
🧙‍♀,猫.png
🧙‍♂,猫.png
🧚,ハートたち（複数ハート）.png
🧚‍♀,猫.png
🧚‍♂,猫.png
🧛,バッド（下向き矢印）.png
🧛‍♀,バッド（下向き矢印）.png
🧛‍♂,バッド（下向き矢印）.png
🧜,るんるん.png
🧜‍♀,ハートたち（複数ハート）.png
🧜‍♂,るんるん.png
🧝,バッド（下向き矢印）.png
🧝‍♀,バッド（下向き矢印）.png
🧝‍♂,バッド（下向き矢印）.png
🧞,猫.png
🧞‍♀,猫.png
🧞‍♂,猫.png
🧟,猫.png
🧟‍♀,猫.png
🧟‍♂,猫.png
🙍,るんるん.png
🙍‍♂,るんるん.png
🙍‍♀,るんるん.png
🙎,どんっ（衝撃）.png
🙎‍♂,どんっ（衝撃）.png
🙎‍♀,どんっ（衝撃）.png
🙅,ＴＶ.png
🙅‍♂,ＴＶ.png
🙅‍♀,ＴＶ.png
🙆,電話.png
🙆‍♂,電話.png
🙆‍♀,電話.png
💁,フリーダイヤル.png
💁‍♂,パンチ.png
💁‍♀,パンチ.png
🙋,犬.png
🙋‍♂,決定.png
🙋‍♀,猫.png
🙇,ふらふら.png
🙇‍♂,ふらふら.png
🙇‍♀,ふらふら.png
🤦,パンチ.png
🤦‍♂,パンチ.png
🤦‍♀,パンチ.png
🤷,かわいい.png
🤷‍♂,かわいい.png
🤷‍♀,かわいい.png
💆,美容院.png
💆‍♂,美容院.png
💆‍♀,美容院.png
💇,美容院.png
💇‍♂,美容院.png
💇‍♀,美容院.png
🚶,ゴルフ.png
🚶‍♂,ゴルフ.png
🚶‍♀,ゴルフ.png
🏃,ゴルフ.png
🏃‍♂,ゴルフ.png
🏃‍♀,ゴルフ.png
💃,バー.png
🕺,バー.png
👯,バー.png
👯‍♂,バー.png
👯‍♀,バー.png
🧖,レストラン.png
🧖‍♀,レストラン.png
🧖‍♂,レストラン.png
🧗,ゴルフ.png
🧗‍♀,猫.png
🧗‍♂,ゴルフ.png
🧘,ゴルフ.png
🧘‍♀,ゴルフ.png
🧘‍♂,ゴルフ.png
🛀,トイレ.png
🛌,トイレ.png
🕴,眼鏡.png
🗣,リボン.png
👤,1.png
👥,ふらふら.png
🤺,スポーツ.png
🏇,ゴルフ.png
⛷,スキー.png
🏂,スキー.png
🏌,ゴルフ.png
🏌‍♂,ゴルフ.png
🏌‍♀,ゴルフ.png
🏄,スキー.png
🏄‍♂,スキー.png
🏄‍♀,スキー.png
🚣,スキー.png
🚣‍♂,スキー.png
🚣‍♀,スキー.png
🏊,テニス.png
🏊‍♂,テニス.png
🏊‍♀,テニス.png
⛹,スポーツ.png
⛹‍♂,スポーツ.png
⛹‍♀,スポーツ.png
🏋,スポーツ.png
🏋‍♂,スポーツ.png
🏋‍♀,スポーツ.png
🚴,ゴルフ.png
🚴‍♂,ゴルフ.png
🚴‍♀,ゴルフ.png
🚵,ゴルフ.png
🚵‍♂,ゴルフ.png
🚵‍♀,ゴルフ.png
🏎,モータースポーツ.png
🏍,モータースポーツ.png
🤸,スポーツ.png
🤸‍♂,スポーツ.png
🤸‍♀,スポーツ.png
🤼,スポーツ.png
🤼‍♂,スポーツ.png
🤼‍♀,スポーツ.png
🤽,スポーツ.png
🤽‍♂,スポーツ.png
🤽‍♀,スポーツ.png
🤾,スポーツ.png
🤾‍♂,スポーツ.png
🤾‍♀,スポーツ.png
🤹,ダッシュ（走り出すさま）.png
🤹‍♂,ダッシュ（走り出すさま）.png
🤹‍♀,ダッシュ（走り出すさま）.png
👫,ふらふら.png
👬,ふらふら.png
👭,ふらふら.png
💏,クラブ.png
💑,クラブ.png
👪,家.png
🤳,携帯電話.png
💪,かわいい.png
👈,左斜め上.png
👉,右斜め上.png
☝,信号.png
👆,信号.png
🖕,信号.png
👇,右斜め上.png
✌,スペード.png
🤞,手（パー）.png
🖖,双子座.png
🤘,猫.png
🤙,手（パー）.png
🖐,グッド（上向き矢印）.png
✋,グッド（上向き矢印）.png
👌,電話.png
👍,電話.png
👎,ＴＶ.png
✊,ハートたち（複数ハート）.png
👊,ハートたち（複数ハート）.png
🤛,くつ.png
🤜,くつ.png
🤚,手（パー）.png
👋,バースデー.png
🤟,山羊座.png
✍,手（パー）.png
👏,カチンコ.png
👐,手（パー）.png
🙌,どんっ（衝撃）.png
🤲,足.png
🙏,三日月.png
🤝,かわいい.png
💅,ゴルフ.png
👂,いい気分（温泉）.png
👃,いい気分（温泉）.png
👣,足.png
👀,いい気分（温泉）.png
👁,耳.png
👁‍🗨,曇り.png
🧠,ひらめき.png
👅,ちっ（怒った顔）.png
👄,失恋.png
💋,失恋.png
💘,猫.png
❤,ハートたち（複数ハート）.png
💓,かわいい.png
💔,ハートたち（複数ハート）.png
💕,ハートたち（複数ハート）.png
💖,ぴかぴか（新しい）.png
💗,かわいい.png
💙,ハートたち（複数ハート）.png
💚,ハートたち（複数ハート）.png
💛,ハートたち（複数ハート）.png
🧡,ハートたち（複数ハート）.png
💜,ハートたち（複数ハート）.png
🖤,ハートたち（複数ハート）.png
💝,ハートたち（複数ハート）.png
💞,かわいい.png
💟,ハートたち（複数ハート）.png
❣,牡牛座.png
💌,ハートたち（複数ハート）.png
💤,牡牛座.png
💢,ポイント.png
💣,爆弾.png
💥,揺れるハート.png
💦,雪.png
💨,ダッシュ（走り出すさま）.png
💫,るんるん.png
💬,かわいい.png
🗨,かわいい.png
🗯,曇り.png
💭,るんるん.png
🕳,足.png
👓,眼鏡.png
🕶,眼鏡.png
👔,リボン.png
👕,リボン.png
👖,リボン.png
🧣,リボン.png
🧤,リボン.png
🧥,スペード.png
🧦,リボン.png
👗,リボン.png
👘,眼鏡.png
👙,眼鏡.png
👚,リボン.png
👛,カバン.png
👜,カバン.png
👝,カバン.png
🛍,カバン.png
🎒,リボン.png
👞,スペード.png
👟,ハートたち（複数ハート）.png
👠,リボン.png
👡,リボン.png
👢,リボン.png
👑,グッド（上向き矢印）.png
👒,リボン.png
🎩,リボン.png
🎓,双子座.png
🧢,ポイント.png
⛑,リボン.png
📿,リボン.png
💄,バッド（下向き矢印）.png
💍,アート.png
💎,アート.png
🐵,猫.png
🐒,猫.png
🦍,猫.png
🐶,犬.png
🐕,犬.png
🐩,猫.png
🐺,猫.png
🦊,猫.png
🐱,猫.png
🐈,猫.png
🦁,猫.png
🐯,スペード.png
🐅,スペード.png
🐆,猫.png
🐴,犬.png
🐎,犬.png
🦄,ハートたち（複数ハート）.png
🦓,猫.png
🦌,猫.png
🐮,犬.png
🐂,犬.png
🐃,ハートたち（複数ハート）.png
🐄,犬.png
🐷,猫.png
🐖,猫.png
🐗,犬.png
🐽,猫.png
🐏,犬.png
🐑,犬.png
🐐,猫.png
🐪,犬.png
🐫,犬.png
🦒,ビール.png
🐘,猫.png
🦏,ハートたち（複数ハート）.png
🐭,猫.png
🐁,猫.png
🐀,猫.png
🐹,猫.png
🐰,猫.png
🐇,猫.png
🐿,ちっ（怒った顔）.png
🦔,三日月.png
🦇,ちっ（怒った顔）.png
🐻,ふくろ.png
🐨,どんっ（衝撃）.png
🐼,猫.png
🐾,猫.png
🦃,グッド（上向き矢印）.png
🐔,どんっ（衝撃）.png
🐓,るんるん.png
🐣,どんっ（衝撃）.png
🐤,どんっ（衝撃）.png
🐥,どんっ（衝撃）.png
🐦,猫.png
🐧,猫.png
🕊,猫.png
🦅,猫.png
🦆,猫.png
🦉,猫.png
🐸,猫.png
🐊,猫.png
🐢,猫.png
🦎,猫.png
🐍,猫.png
🐲,ハートたち（複数ハート）.png
🐉,ハートたち（複数ハート）.png
🦕,猫.png
🦖,スペード.png
🐳,猫.png
🐋,猫.png
🐬,猫.png
🐟,猫.png
🐠,猫.png
🐡,猫.png
🦈,猫.png
🐙,どんっ（衝撃）.png
🐚,猫.png
🦀,猫.png
🦐,パンチ.png
🦑,どんっ（衝撃）.png
🐌,ちっ（怒った顔）.png
🦋,猫.png
🐛,猫.png
🐜,バッド（下向き矢印）.png
🐝,猫.png
🐞,山羊座.png
🦗,猫.png
🕷,猫.png
🕸,猫.png
🦂,猫.png
💐,ハートたち（複数ハート）.png
🌸,満月.png
💮,ＴＶ.png
🏵,犬.png
🌹,ハートたち（複数ハート）.png
🥀,満月.png
🌺,ぴかぴか（新しい）.png
🌻,どんっ（衝撃）.png
🌼,満月.png
🌷,ハートたち（複数ハート）.png
🌱,どんっ（衝撃）.png
🌲,曇り.png
🌳,猫.png
🌴,ビール.png
🌵,猫.png
🌾,満月.png
🌿,ビール.png
☘,ハートたち（複数ハート）.png
🍀,4.png
🍁,ちっ（怒った顔）.png
🍂,三日月.png
🍃,三日月.png
🍇,ビール.png
🍈,ビール.png
🍉,スペード.png
🍊,黒ハート.png
🍋,ビール.png
🍌,ビール.png
🍍,グッド（上向き矢印）.png
🍎,グッド（上向き矢印）.png
🍏,グッド（上向き矢印）.png
🍐,どんっ（衝撃）.png
🍑,グッド（上向き矢印）.png
🍒,どんっ（衝撃）.png
🍓,どんっ（衝撃）.png
🥝,どんっ（衝撃）.png
🍅,ビール.png
🥥,ファーストフード.png
🥑,ファーストフード.png
🍆,グッド（上向き矢印）.png
🥔,どんっ（衝撃）.png
🥕,ビール.png
🌽,バー.png
🌶,どんっ（衝撃）.png
🥒,どんっ（衝撃）.png
🥦,ファーストフード.png
🍄,どんっ（衝撃）.png
🥜,ビール.png
🌰,どんっ（衝撃）.png
🍞,ビール.png
🥐,バー.png
🥖,ファーストフード.png
🥨,足.png
🥞,ファーストフード.png
🧀,ビール.png
🍖,どんっ（衝撃）.png
🍗,ファーストフード.png
🥩,ファーストフード.png
🥓,ビール.png
🍔,バー.png
🍟,ファーストフード.png
🍕,ビール.png
🌭,ビール.png
🥪,ファーストフード.png
🌮,ファーストフード.png
🌯,ファーストフード.png
🥙,ファーストフード.png
🥚,猫.png
🍳,カバン.png
🥘,ファーストフード.png
🍲,ビール.png
🥣,どんっ（衝撃）.png
🥗,グッド（上向き矢印）.png
🍿,ビール.png
🥫,ビール.png
🍱,どんっ（衝撃）.png
🍘,ビール.png
🍙,どんっ（衝撃）.png
🍚,どんっ（衝撃）.png
🍛,ビール.png
🍜,どんっ（衝撃）.png
🍝,グッド（上向き矢印）.png
🍠,ファーストフード.png
🍢,どんっ（衝撃）.png
🍣,どんっ（衝撃）.png
🍤,パンチ.png
🍥,三日月.png
🍡,ファーストフード.png
🥟,ファーストフード.png
🥠,パスワード.png
🥡,満月.png
🍦,バー.png
🍧,バー.png
🍨,バー.png
🍩,ビール.png
🍪,ビール.png
🎂,ビール.png
🍰,ビール.png
🥧,ビール.png
🍫,ビール.png
🍬,どんっ（衝撃）.png
🍭,どんっ（衝撃）.png
🍮,ビール.png
🍯,どんっ（衝撃）.png
🍼,ビール.png
🥛,カバン.png
☕,ビール.png
🍵,ビール.png
🍶,どんっ（衝撃）.png
🍾,ビール.png
🍷,バー.png
🍸,ビール.png
🍹,ビール.png
🍺,ビール.png
🍻,ビール.png
🥂,バー.png
🥃,ビール.png
🥤,カバン.png
🥢,くつ.png
🍽,パンチ.png
🍴,ファーストフード.png
🥄,ファーストフード.png
🔪,パンチ.png
🏺,どんっ（衝撃）.png
🌍,モータースポーツ.png
🌎,映画.png
🌏,モータースポーツ.png
🌐,飛行機.png
🗺,音楽.png
🗾,メモ.png
🏔,雪.png
⛰,雪.png
🌋,台風.png
🗻,満月.png
🏕,スキー.png
🏖,ハートたち（複数ハート）.png
🏜,猫.png
🏝,ビール.png
🏞,遊園地.png
🏟,クラブ.png
🏛,病院.png
🏗,爆弾.png
🏘,駐車場.png
🏚,家.png
🏠,美容院.png
🏡,美容院.png
🏢,ビル.png
🏣,ビル.png
🏤,ビル.png
🏥,病院.png
🏦,ビル.png
🏨,ホテル.png
🏩,山羊座.png
🏪,コンビニ.png
🏫,病院.png
🏬,喫茶店.png
🏭,ガソリンスタンド.png
🏯,家.png
🏰,グッド（上向き矢印）.png
💒,ビル.png
🗼,ビル.png
🗽,映画.png
⛪,音楽.png
🕌,サッカー.png
🕍,郵便局.png
⛩,ビル.png
🕋,サッカー.png
⛲,遊園地.png
⛺,スキー.png
🌁,喫茶店.png
🌃,夜.png
🏙,喫茶店.png
🌄,満月.png
🌅,満月.png
🌆,夜.png
🌇,夜.png
🌉,夜.png
♨,リゾート.png
🌌,満月.png
🎠,遊園地.png
🎡,遊園地.png
🎢,遊園地.png
💈,グッド（上向き矢印）.png
🎪,遊園地.png
🚂,電車.png
🚃,飛行機.png
🚄,飛行機.png
🚅,車（ＲＶ）.png
🚆,飛行機.png
🚇,地下鉄.png
🚈,地下鉄.png
🚉,飛行機.png
🚊,飛行機.png
🚝,地下鉄.png
🚞,飛行機.png
🚋,飛行機.png
🚌,バス.png
🚍,バス.png
🚎,バス.png
🚐,バス.png
🚑,飛行機.png
🚒,飛行機.png
🚓,車（ＲＶ）.png
🚔,車（ＲＶ）.png
🚕,バス.png
🚖,バス.png
🚗,飛行機.png
🚘,飛行機.png
🚙,飛行機.png
🚚,車（ＲＶ）.png
🚛,車（ＲＶ）.png
🚜,飛行機.png
🚲,飛行機.png
🛴,るんるん.png
🛵,車（ＲＶ）.png
🚏,バス.png
🛣,駐車場.png
🛤,電車.png
🛢,爆弾.png
⛽,車（ＲＶ）.png
🚨,車（ＲＶ）.png
🚥,信号.png
🚦,信号.png
🛑,パンチ.png
🚧,メモ.png
⚓,ちっ（怒った顔）.png
⛵,飛行機.png
🛶,スキー.png
🚤,飛行機.png
🛳,飛行機.png
⛴,バス.png
🛥,船.png
🚢,飛行機.png
✈,飛行機.png
🛩,飛行機.png
🛫,飛行機.png
🛬,飛行機.png
💺,トイレ.png
🚁,飛行機.png
🚟,地下鉄.png
🚠,地下鉄.png
🚡,車椅子.png
🛰,飛行機.png
🚀,爆弾.png
🛸,飛行機.png
🛎,ハートたち（複数ハート）.png
⌛,時計.png
⏳,時計.png
⌚,時計.png
⏰,サーチ（調べる）.png
⏱,時計.png
⏲,パスワード.png
🕰,時計.png
🕛,夜.png
🕧,時計.png
🕐,夜.png
🕜,時計.png
🕑,夜.png
🕝,時計.png
🕒,夜.png
🕞,時計.png
🕓,夜.png
🕟,時計.png
🕔,夜.png
🕠,時計.png
🕕,夜.png
🕡,時計.png
🕖,夜.png
🕢,時計.png
🕗,夜.png
🕣,時計.png
🕘,夜.png
🕤,時計.png
🕙,夜.png
🕥,時計.png
🕚,夜.png
🕦,時計.png
🌑,新月.png
🌒,三日月.png
🌓,黒ハート.png
🌔,満月.png
🌕,満月.png
🌖,満月.png
🌗,三日月.png
🌘,三日月.png
🌙,三日月.png
🌚,新月.png
🌛,満月.png
🌜,天秤座.png
🌡,曇り.png
☀,満月.png
🌝,満月.png
🌞,満月.png
⭐,映画.png
🌟,ぴかぴか（新しい）.png
🌠,映画.png
☁,曇り.png
⛅,曇り.png
⛈,曇り.png
🌤,曇り.png
🌥,曇り.png
🌦,曇り.png
🌧,曇り.png
🌨,曇り.png
🌩,曇り.png
🌪,曇り.png
🌫,曇り.png
🌬,耳.png
🌀,ダッシュ（走り出すさま）.png
🌈,サーチ（調べる）.png
🌂,リボン.png
☂,リボン.png
☔,リボン.png
⛱,ハートたち（複数ハート）.png
⚡,霧.png
❄,霧.png
☃,雪.png
⛄,雪.png
☄,飛行機.png
🔥,サーチ（調べる）.png
💧,ちっ（怒った顔）.png
🌊,曇り.png
🎃,どんっ（衝撃）.png
🎄,クリスマス.png
🎆,イベント.png
🎇,イベント.png
✨,ぴかぴか（新しい）.png
🎈,サーチ（調べる）.png
🎉,プレゼント.png
🎊,プレゼント.png
🎋,満月.png
🎍,プレゼント.png
🎎,プレゼント.png
🎏,プレゼント.png
🎐,クリスマス.png
🎑,満月.png
🎀,プレゼント.png
🎁,プレゼント.png
🎗,プレゼント.png
🎟,チケット.png
🎫,チケット.png
🎖,プレゼント.png
🏆,プレゼント.png
🏅,スポーツ.png
🥇,1.png
🥈,2.png
🥉,1.png
⚽,サッカー.png
⚾,スポーツ.png
🏀,スポーツ.png
🏐,スポーツ.png
🏈,野球.png
🏉,スポーツ.png
🎾,スポーツ.png
🎳,スポーツ.png
🏏,バスケットボール.png
🏑,パンチ.png
🏒,バスケットボール.png
🏓,スポーツ.png
🏸,バス.png
🥊,ペン.png
🥋,スポーツ.png
🥅,ポイント.png
⛳,ゴルフ.png
⛸,テニス.png
🎣,スポーツ.png
🎽,スポーツ.png
🎿,スキー.png
🛷,シャープダイヤル.png
🥌,テニス.png
🎯,スポーツ.png
🎱,山羊座.png
🔮,ひらめき.png
🎮,ゲーム.png
🕹,ゲーム.png
🎰,るんるん.png
🎲,ゲーム.png
♠,パスワード.png
♥,パスワード.png
♦,パスワード.png
♣,パスワード.png
🃏,パスワード.png
🀄,ゲーム.png
🎴,パスワード.png
🎭,リボン.png
🖼,ペン.png
🎨,サーチ（調べる）.png
🔇,カメラ.png
🔈,カメラ.png
🔉,カメラ.png
🔊,カメラ.png
📢,カメラ.png
📣,カメラ.png
📯,三日月.png
🔔,ハートたち（複数ハート）.png
🔕,ハートたち（複数ハート）.png
🎼,ポイント.png
🎵,音楽.png
🎶,音楽.png
🎙,カメラ.png
🎚,ダッシュ（走り出すさま）.png
🎛,ダッシュ（走り出すさま）.png
🎤,カラオケ.png
🎧,カメラ.png
📻,ＴＶ.png
🎷,音楽.png
🎸,音楽.png
🎹,パスワード.png
🎺,カラオケ.png
🎻,音楽.png
🥁,バー.png
📱,携帯電話.png
📲,携帯電話.png
☎,携帯電話.png
📞,電話.png
📟,phone to.png
📠,メール.png
🔋,ダッシュ（走り出すさま）.png
🔌,携帯電話.png
💻,携帯電話.png
🖥,携帯電話.png
🖨,携帯電話.png
⌨,携帯電話.png
🖱,携帯電話.png
🖲,携帯電話.png
💽,phone to.png
💾,ID.png
💿,ＣＤ.png
📀,ＣＤ.png
🎥,カメラ.png
🎞,カメラ.png
📽,カメラ.png
🎬,カチンコ.png
📺,ＴＶ.png
📷,カメラ.png
📸,カメラ.png
📹,カメラ.png
📼,ＣＤ.png
🔍,ペン.png
🔎,ペン.png
🕯,バー.png
💡,ひらめき.png
🔦,シャープダイヤル.png
🏮,どんっ（衝撃）.png
📔,ファーストフード.png
📕,ＣＤ.png
📖,ＣＤ.png
📗,ＣＤ.png
📘,ＣＤ.png
📙,ＣＤ.png
📚,ＣＤ.png
📓,メモ.png
📒,郵便局.png
📃,シャープダイヤル.png
📜,ぴかぴか（新しい）.png
📄,ゲーム.png
📰,メール.png
🗞,メール.png
📑,くつ.png
🔖,ちっ（怒った顔）.png
🏷,ID.png
💰,カバン.png
💴,カバン.png
💵,カバン.png
💶,カバン.png
💷,カバン.png
💸,カバン.png
💳,カバン.png
💹,ペン.png
💱,カバン.png
💲,カバン.png
✉,メール.png
📧,メール.png
📨,メール.png
📩,メール.png
📤,メール.png
📥,メール.png
📦,コンビニ.png
📫,グッド（上向き矢印）.png
📪,グッド（上向き矢印）.png
📬,グッド（上向き矢印）.png
📭,グッド（上向き矢印）.png
📮,グッド（上向き矢印）.png
🗳,カバン.png
✏,ファーストフード.png
✒,ペン.png
🖋,ペン.png
🖊,ペン.png
🖌,ファーストフード.png
🖍,ペン.png
📝,メモ.png
💼,カバン.png
📁,パスワード.png
📂,パスワード.png
🗂,ID.png
📅,クリスマス.png
📆,クリスマス.png
🗒,メモ.png
🗓,クリスマス.png
📇,ファーストフード.png
📈,ペン.png
📉,左斜め上.png
📊,ペン.png
📋,サーチ（調べる）.png
📌,ファーストフード.png
📍,リボン.png
📎,サーチ（調べる）.png
🖇,ファーストフード.png
📏,ひらめき.png
📐,黒ハート.png
✂,パンチ.png
🗃,パスワード.png
🗄,カメラ.png
🗑,るんるん.png
🔒,バッド（下向き矢印）.png
🔓,バッド（下向き矢印）.png
🔏,喫煙.png
🔐,パスワード.png
🔑,パスワード.png
🗝,パスワード.png
🔨,どんっ（衝撃）.png
⛏,くつ.png
⚒,どんっ（衝撃）.png
🛠,どんっ（衝撃）.png
🗡,ハートたち（複数ハート）.png
⚔,くつ.png
🔫,爆弾.png
🏹,左斜め上.png
🛡,ダッシュ（走り出すさま）.png
🔧,ペン.png
🔩,バー.png
⚙,ダッシュ（走り出すさま）.png
🗜,サーチ（調べる）.png
⚖,ムード.png
🔗,サーチ（調べる）.png
⛓,くつ.png
⚗,ビール.png
🔬,アート.png
🔭,アート.png
📡,カメラ.png
💉,病院.png
💊,爆弾.png
🚪,車（ＲＶ）.png
🛏,トイレ.png
🛋,トイレ.png
🚽,トイレ.png
🚿,トイレ.png
🛁,トイレ.png
🛒,ゴルフ.png
🚬,ビール.png
⚰,病院.png
⚱,病院.png
🗿,るんるん.png
🏧,コンビニ.png
🚮,るんるん.png
🚰,雨.png
♿,トイレ.png
🚹,mail to.png
🚺,mail to.png
🚻,mail to.png
🚼,バー.png
🚾,mail to.png
🛂,フリーダイヤル.png
🛃,郵便局.png
🛄,カバン.png
🛅,カバン.png
⚠,信号.png
🚸,犬.png
⛔,信号.png
🚫,信号.png
🚳,信号.png
🚭,ビール.png
🚯,カバン.png
🚱,喫煙.png
🚷,信号.png
📵,.png
🔞,8.png
☢,霧.png
☣,山羊座.png
⬆,信号.png
↗,むかっ（怒り）.png
➡,右斜め上.png
↘,むかっ（怒り）.png
⬇,右斜め上.png
↙,むかっ（怒り）.png
⬅,左斜め上.png
↖,むかっ（怒り）.png
↕,信号.png
↔,左斜め上.png
↩,やや欠け月.png
↪,やや欠け月.png
⤴,やや欠け月.png
⤵,やや欠け月.png
🔃,ダッシュ（走り出すさま）.png
🔄,end.png
🔙,end.png
🔚,end.png
🔛,サーチ（調べる）.png
🔜,牡牛座.png
🔝,ポイント.png
🛐,音楽.png
⚛,信号.png
🕉,バー.png
✡,ぴかぴか（新しい）.png
☸,演劇.png
☯,牡牛座.png
✝,音楽.png
☦,音楽.png
☪,サッカー.png
☮,リボン.png
🕎,音楽.png
🔯,獅子座.png
♈,魚座.png
♉,双子座.png
♊,山羊座.png
♋,双子座.png
♌,双子座.png
♍,山羊座.png
♎,山羊座.png
♏,射手座.png
♐,射手座.png
♑,魚座.png
♒,乙女座.png
♓,双子座.png
⛎,牡牛座.png
🔀,ダッシュ（走り出すさま）.png
🔁,ダッシュ（走り出すさま）.png
🔂,ダッシュ（走り出すさま）.png
▶,ゲーム.png
⏩,ダッシュ（走り出すさま）.png
⏭,ダッシュ（走り出すさま）.png
⏯,ダッシュ（走り出すさま）.png
◀,ダッシュ（走り出すさま）.png
⏪,むかっ（怒り）.png
⏮,ダッシュ（走り出すさま）.png
🔼,ダッシュ（走り出すさま）.png
⏫,ダッシュ（走り出すさま）.png
🔽,ダッシュ（走り出すさま）.png
⏬,ダッシュ（走り出すさま）.png
⏸,パンチ.png
⏹,パンチ.png
⏺,ダッシュ（走り出すさま）.png
⏏,牡牛座.png
🎦,カメラ.png
🔅,曇り.png
🔆,かわいい.png
📶,カメラ.png
📳,携帯電話.png
📴,携帯電話.png
♀,リボン.png
♂,リボン.png
⚕,病院.png
♻,ガソリンスタンド.png
⚜,リボン.png
🔱,リボン.png
📛,美容院.png
🔰,ゲーム.png
⭕,半月.png
✅,パスワード.png
☑,パスワード.png
✔,パスワード.png
✖,チケット.png
❌,チケット.png
❎,チケット.png
➕,end.png
➖,眠い(睡眠).png
➗,眠い(睡眠).png
➰,信号.png
➿,牡牛座.png
〽,牡牛座.png
✳,リボン.png
✴,満月.png
❇,リボン.png
‼,バースデー.png
⁉,バースデー.png
❓,ちっ（怒った顔）.png
❔,ちっ（怒った顔）.png
❕,バースデー.png
❗,バースデー.png
〰,リボン.png
©,パスワード.png
®,ポケットベル.png
™,リボン.png
💯,5.png
🔠,end.png
🔡,山羊座.png
🔢,phone to.png
🔣,信号.png
🔤,end.png
🅰,魚座.png
🆎,双子座.png
🅱,乙女座.png
🆑,phone to.png
🆒,end.png
🆓,美容院.png
ℹ,phone to.png
🆔,ID.png
Ⓜ,0.png
🆕,バースデー.png
🆖,ＴＶ.png
🅾,双子座.png
🆗,電話.png
🅿,0.png
🆘,サーチ（調べる）.png
🆙,サーチ（調べる）.png
🆚,バースデー.png
🈁,本.png
🈂,電車.png
🈷,満月.png
🈶,三日月.png
🈯,足.png
🉐,手（パー）.png
🈹,コンビニ.png
🈚,美容院.png
🈲,喫煙.png
🉑,有料.png
🈸,どんっ（衝撃）.png
🈴,黒ハート.png
🈳,雷.png
㊗,バースデー.png
㊙,メモ.png
🈺,バス.png
🈵,満月.png
▪,三日月.png
▫,三日月.png
◻,三日月.png
◼,三日月.png
◽,三日月.png
◾,三日月.png
⬛,三日月.png
⬜,三日月.png
🔶,黒ハート.png
🔷,グッド（上向き矢印）.png
🔸,黒ハート.png
🔹,グッド（上向き矢印）.png
🔺,三日月.png
🔻,三日月.png
💠,グッド（上向き矢印）.png
🔘,ダッシュ（走り出すさま）.png
🔲,ダッシュ（走り出すさま）.png
🔳,ダッシュ（走り出すさま）.png
⚪,三日月.png
⚫,三日月.png
🔴,三日月.png
🔵,三日月.png
🏁,スポーツ.png
🚩,ゴルフ.png
🎌,パスワード.png
🏴,パスワード.png
🏴‍☠,メモ.png
🏳,パスワード.png
🏳‍🌈,パスワード.png
🇦🇨,パスワード.png
🇦🇩,パスワード.png
🇦🇪,パスワード.png
🇦🇫,パスワード.png
🇦🇬,パスワード.png
🇦🇮,パスワード.png
🇦🇱,パスワード.png
🇦🇲,パスワード.png
🇦🇴,パスワード.png
🇦🇶,パスワード.png
🇦🇷,パスワード.png
🇦🇸,パスワード.png
🇦🇹,パスワード.png
🇦🇺,パスワード.png
🇦🇼,パスワード.png
🇦🇽,パスワード.png
🇦🇿,パスワード.png
🇧🇦,パスワード.png
🇧🇧,パスワード.png
🇧🇩,パスワード.png
🇧🇪,パスワード.png
🇧🇫,パスワード.png
🇧🇬,パスワード.png
🇧🇭,パスワード.png
🇧🇮,パスワード.png
🇧🇯,パスワード.png
🇧🇱,パスワード.png
🇧🇲,パスワード.png
🇧🇳,パスワード.png
🇧🇴,パスワード.png
🇧🇶,パスワード.png
🇧🇷,パスワード.png
🇧🇸,パスワード.png
🇧🇹,パスワード.png
🇧🇻,パスワード.png
🇧🇼,パスワード.png
🇧🇾,パスワード.png
🇧🇿,パスワード.png
🇨🇦,パスワード.png
🇨🇨,パスワード.png
🇨🇩,パスワード.png
🇨🇫,パスワード.png
🇨🇬,パスワード.png
🇨🇭,パスワード.png
🇨🇮,パスワード.png
🇨🇰,パスワード.png
🇨🇱,パスワード.png
🇨🇲,パスワード.png
🇨🇳,パスワード.png
🇨🇴,パスワード.png
🇨🇵,パスワード.png
🇨🇷,パスワード.png
🇨🇺,パスワード.png
🇨🇻,パスワード.png
🇨🇼,パスワード.png
🇨🇽,パスワード.png
🇨🇾,パスワード.png
🇨🇿,パスワード.png
🇩🇪,パスワード.png
🇩🇬,パスワード.png
🇩🇯,パスワード.png
🇩🇰,パスワード.png
🇩🇲,パスワード.png
🇩🇴,パスワード.png
🇩🇿,パスワード.png
🇪🇦,パスワード.png
🇪🇨,パスワード.png
🇪🇪,パスワード.png
🇪🇬,パスワード.png
🇪🇭,パスワード.png
🇪🇷,パスワード.png
🇪🇸,パスワード.png
🇪🇹,パスワード.png
🇪🇺,パスワード.png
🇫🇮,パスワード.png
🇫🇯,パスワード.png
🇫🇰,パスワード.png
🇫🇲,パスワード.png
🇫🇴,パスワード.png
🇫🇷,パスワード.png
🇬🇦,パスワード.png
🇬🇧,パスワード.png
🇬🇩,パスワード.png
🇬🇪,パスワード.png
🇬🇫,パスワード.png
🇬🇬,パスワード.png
🇬🇭,パスワード.png
🇬🇮,パスワード.png
🇬🇱,パスワード.png
🇬🇲,パスワード.png
🇬🇳,パスワード.png
🇬🇵,パスワード.png
🇬🇶,パスワード.png
🇬🇷,パスワード.png
🇬🇸,パスワード.png
🇬🇹,パスワード.png
🇬🇺,パスワード.png
🇬🇼,パスワード.png
🇬🇾,パスワード.png
🇭🇰,パスワード.png
🇭🇲,パスワード.png
🇭🇳,パスワード.png
🇭🇷,パスワード.png
🇭🇹,パスワード.png
🇭🇺,パスワード.png
🇮🇨,パスワード.png
🇮🇩,パスワード.png
🇮🇪,パスワード.png
🇮🇱,パスワード.png
🇮🇲,パスワード.png
🇮🇳,パスワード.png
🇮🇴,パスワード.png
🇮🇶,パスワード.png
🇮🇷,パスワード.png
🇮🇸,パスワード.png
🇮🇹,パスワード.png
🇯🇪,パスワード.png
🇯🇲,パスワード.png
🇯🇴,パスワード.png
🇯🇵,パスワード.png
🇰🇪,パスワード.png
🇰🇬,パスワード.png
🇰🇭,パスワード.png
🇰🇮,パスワード.png
🇰🇲,パスワード.png
🇰🇳,パスワード.png
🇰🇵,パスワード.png
🇰🇷,パスワード.png
🇰🇼,パスワード.png
🇰🇾,パスワード.png
🇰🇿,パスワード.png
🇱🇦,パスワード.png
🇱🇧,パスワード.png
🇱🇨,パスワード.png
🇱🇮,パスワード.png
🇱🇰,パスワード.png
🇱🇷,パスワード.png
🇱🇸,パスワード.png
🇱🇹,パスワード.png
🇱🇺,パスワード.png
🇱🇻,パスワード.png
🇱🇾,パスワード.png
🇲🇦,パスワード.png
🇲🇨,パスワード.png
🇲🇩,パスワード.png
🇲🇪,パスワード.png
🇲🇫,パスワード.png
🇲🇬,パスワード.png
🇲🇭,パスワード.png
🇲🇰,パスワード.png
🇲🇱,パスワード.png
🇲🇲,パスワード.png
🇲🇳,パスワード.png
🇲🇴,パスワード.png
🇲🇵,パスワード.png
🇲🇶,パスワード.png
🇲🇷,パスワード.png
🇲🇸,パスワード.png
🇲🇹,パスワード.png
🇲🇺,パスワード.png
🇲🇻,パスワード.png
🇲🇼,パスワード.png
🇲🇽,パスワード.png
🇲🇾,パスワード.png
🇲🇿,パスワード.png
🇳🇦,パスワード.png
🇳🇨,パスワード.png
🇳🇪,パスワード.png
🇳🇫,パスワード.png
🇳🇬,パスワード.png
🇳🇮,パスワード.png
🇳🇱,パスワード.png
🇳🇴,パスワード.png
🇳🇵,パスワード.png
🇳🇷,パスワード.png
🇳🇺,パスワード.png
🇳🇿,パスワード.png
🇴🇲,パスワード.png
🇵🇦,パスワード.png
🇵🇪,パスワード.png
🇵🇫,パスワード.png
🇵🇬,パスワード.png
🇵🇭,パスワード.png
🇵🇰,パスワード.png
🇵🇱,パスワード.png
🇵🇲,パスワード.png
🇵🇳,パスワード.png
🇵🇷,パスワード.png
🇵🇸,パスワード.png
🇵🇹,パスワード.png
🇵🇼,パスワード.png
🇵🇾,パスワード.png
🇶🇦,パスワード.png
🇷🇪,パスワード.png
🇷🇴,パスワード.png
🇷🇸,パスワード.png
🇷🇺,パスワード.png
🇷🇼,パスワード.png
🇸🇦,パスワード.png
🇸🇧,パスワード.png
🇸🇨,パスワード.png
🇸🇩,パスワード.png
🇸🇪,パスワード.png
🇸🇬,パスワード.png
🇸🇭,パスワード.png
🇸🇮,パスワード.png
🇸🇯,パスワード.png
🇸🇰,パスワード.png
🇸🇱,パスワード.png
🇸🇲,パスワード.png
🇸🇳,パスワード.png
🇸🇴,パスワード.png
🇸🇷,パスワード.png
🇸🇸,パスワード.png
🇸🇹,パスワード.png
🇸🇻,パスワード.png
🇸🇽,パスワード.png
🇸🇾,パスワード.png
🇸🇿,パスワード.png
🇹🇦,パスワード.png
🇹🇨,パスワード.png
🇹🇩,パスワード.png
🇹🇫,パスワード.png
🇹🇬,パスワード.png
🇹🇭,パスワード.png
🇹🇯,パスワード.png
🇹🇰,パスワード.png
🇹🇱,パスワード.png
🇹🇲,パスワード.png
🇹🇳,パスワード.png
🇹🇴,パスワード.png
🇹🇷,パスワード.png
🇹🇹,パスワード.png
🇹🇻,パスワード.png
🇹🇼,パスワード.png
🇹🇿,パスワード.png
🇺🇦,パスワード.png
🇺🇬,パスワード.png
🇺🇲,パスワード.png
🇺🇳,パスワード.png
🇺🇸,パスワード.png
🇺🇾,パスワード.png
🇺🇿,パスワード.png
🇻🇦,パスワード.png
🇻🇨,パスワード.png
🇻🇪,パスワード.png
🇻🇬,パスワード.png
🇻🇮,パスワード.png
🇻🇳,パスワード.png
🇻🇺,パスワード.png
🇼🇫,パスワード.png
🇼🇸,パスワード.png
🇽🇰,パスワード.png
🇾🇪,パスワード.png
🇾🇹,パスワード.png
🇿🇦,パスワード.png
🇿🇲,パスワード.png
🇿🇼,パスワード.png
